ano,mes,entidad,cve_entidad,despliegue,ingresos_regulares
2019,jul,aguascalientes,01,393,10877
2019,jul,baja_california,02,747,271811
2019,jul,baja_california_sur,03,433,177882
2019,jul,campeche,04,479,299
2019,jul,chiapas,07,2424,130258
2019,jul,chihuahua,08,1589,59486
2019,jul,coahuila_de_zaragoza,05,1338,15780
2019,jul,colima,06,535,4316
2019,jul,ciudad_de_mexico,09,3047,883725
2019,jul,durango,10,792,5987
2019,jul,guanajuato,11,2110,35658
2019,jul,guerrero,12,2538,3254
2019,jul,hidalgo,13,1608,0
2019,jul,jalisco,14,3470,308264
2019,jul,mexico,15,9141,2034
2019,jul,michoacan_de_ocampo,16,3628,21635
2019,jul,morelos,17,791,15
2019,jul,nayarit,18,664,0
2019,jul,nuevo_leon,19,1766,75303
2019,jul,oaxaca,20,3391,0
2019,jul,puebla,21,2163,1535
2019,jul,queretaro,22,1260,20087
2019,jul,quintana_roo,23,1453,1284202
2019,jul,san_luis_potosi,24,874,10206
2019,jul,sinaloa,25,941,7158
2019,jul,sonora,26,1186,10973
2019,jul,tabasco,27,1116,3581
2019,jul,tamaulipas,28,1215,120997
2019,jul,tlaxcala,29,410,0
2019,jul,veracruz_de_ignacio_de_la_llave,30,2458,7297
2019,jul,yucatan,31,673,18980
2019,jul,zacatecas,32,1558,6934
2019,ago,aguascalientes,01,393,9119
2019,ago,baja_california,02,747,251780
2019,ago,baja_california_sur,03,433,142792
2019,ago,campeche,04,479,321
2019,ago,chiapas,07,2424,132134
2019,ago,chihuahua,08,1589,36605
2019,ago,coahuila_de_zaragoza,05,1338,11744
2019,ago,colima,06,535,3801
2019,ago,ciudad_de_mexico,09,3047,840182
2019,ago,durango,10,792,4202
2019,ago,guanajuato,11,2110,27208
2019,ago,guerrero,12,2538,2558
2019,ago,hidalgo,13,1608,0
2019,ago,jalisco,14,3470,248816
2019,ago,mexico,15,9141,2782
2019,ago,michoacan_de_ocampo,16,3628,18755
2019,ago,morelos,17,791,0
2019,ago,nayarit,18,664,0
2019,ago,nuevo_leon,19,1766,65794
2019,ago,oaxaca,20,3391,0
2019,ago,puebla,21,2163,1456
2019,ago,queretaro,22,1260,17845
2019,ago,quintana_roo,23,1453,1200681
2019,ago,san_luis_potosi,24,874,8246
2019,ago,sinaloa,25,941,5936
2019,ago,sonora,26,1186,8614
2019,ago,tabasco,27,1116,3051
2019,ago,tamaulipas,28,1215,70022
2019,ago,tlaxcala,29,410,0
2019,ago,veracruz_de_ignacio_de_la_llave,30,2458,7117
2019,ago,yucatan,31,673,14821
2019,ago,zacatecas,32,1558,5120
2019,sep,aguascalientes,01,393,8627
2019,sep,baja_california,02,747,217633
2019,sep,baja_california_sur,03,433,95997
2019,sep,campeche,04,479,402
2019,sep,chiapas,07,2424,126250
2019,sep,chihuahua,08,1589,26250
2019,sep,coahuila_de_zaragoza,05,1338,9053
2019,sep,colima,06,535,4893
2019,sep,ciudad_de_mexico,09,3047,699278
2019,sep,durango,10,792,3429
2019,sep,guanajuato,11,2110,23808
2019,sep,guerrero,12,2538,1555
2019,sep,hidalgo,13,1608,0
2019,sep,jalisco,14,3470,215683
2019,sep,mexico,15,9141,2252
2019,sep,michoacan_de_ocampo,16,3628,16995
2019,sep,morelos,17,791,10
2019,sep,nayarit,18,664,0
2019,sep,nuevo_leon,19,1766,55527
2019,sep,oaxaca,20,3391,0
2019,sep,puebla,21,2163,1282
2019,sep,queretaro,22,1260,13786
2019,sep,quintana_roo,23,1453,913628
2019,sep,san_luis_potosi,24,874,6194
2019,sep,sinaloa,25,941,4227
2019,sep,sonora,26,1186,7925
2019,sep,tabasco,27,1116,3699
2019,sep,tamaulipas,28,1215,46130
2019,sep,tlaxcala,29,410,0
2019,sep,veracruz_de_ignacio_de_la_llave,30,2458,6889
2019,sep,yucatan,31,673,11678
2019,sep,zacatecas,32,1558,5412
2019,oct,aguascalientes,01,393,8743
2019,oct,baja_california,02,747,246781
2019,oct,baja_california_sur,03,433,186682
2019,oct,campeche,04,479,366
2019,oct,chiapas,07,2424,125074
2019,oct,chihuahua,08,1589,31251
2019,oct,coahuila_de_zaragoza,05,1338,10223
2019,oct,colima,06,535,6337
2019,oct,ciudad_de_mexico,09,3047,772059
2019,oct,durango,10,792,4030
2019,oct,guanajuato,11,2110,25495
2019,oct,guerrero,12,2538,3387
2019,oct,hidalgo,13,1608,0
2019,oct,jalisco,14,3470,303143
2019,oct,mexico,15,9141,2568
2019,oct,michoacan_de_ocampo,16,3628,20066
2019,oct,morelos,17,791,20
2019,oct,nayarit,18,664,0
2019,oct,nuevo_leon,19,1766,61465
2019,oct,oaxaca,20,3391,0
2019,oct,puebla,21,2163,1566
2019,oct,queretaro,22,1260,15328
2019,oct,quintana_roo,23,1453,991972
2019,oct,san_luis_potosi,24,874,7051
2019,oct,sinaloa,25,941,9219
2019,oct,sonora,26,1186,12570
2019,oct,tabasco,27,1116,2987
2019,oct,tamaulipas,28,1215,52617
2019,oct,tlaxcala,29,410,0
2019,oct,veracruz_de_ignacio_de_la_llave,30,2458,7191
2019,oct,yucatan,31,673,26345
2019,oct,zacatecas,32,1558,5221
2019,nov,aguascalientes,01,393,9757
2019,nov,baja_california,02,747,281547
2019,nov,baja_california_sur,03,433,228112
2019,nov,campeche,04,479,401
2019,nov,chiapas,07,2424,130045
2019,nov,chihuahua,08,1589,35781
2019,nov,coahuila_de_zaragoza,05,1338,16018
2019,nov,colima,06,535,6262
2019,nov,ciudad_de_mexico,09,3047,751681
2019,nov,durango,10,792,4034
2019,nov,guanajuato,11,2110,28165
2019,nov,guerrero,12,2538,15730
2019,nov,hidalgo,13,1608,0
2019,nov,jalisco,14,3470,341028
2019,nov,mexico,15,9141,2701
2019,nov,michoacan_de_ocampo,16,3628,19693
2019,nov,morelos,17,791,18
2019,nov,nayarit,18,664,0
2019,nov,nuevo_leon,19,1766,62835
2019,nov,oaxaca,20,3391,0
2019,nov,puebla,21,2163,1432
2019,nov,queretaro,22,1260,15409
2019,nov,quintana_roo,23,1453,1360588
2019,nov,san_luis_potosi,24,874,7413
2019,nov,sinaloa,25,941,25151
2019,nov,sonora,26,1186,15298
2019,nov,tabasco,27,1116,3363
2019,nov,tamaulipas,28,1215,73642
2019,nov,tlaxcala,29,410,0
2019,nov,veracruz_de_ignacio_de_la_llave,30,2458,6980
2019,nov,yucatan,31,673,26364
2019,nov,zacatecas,32,1558,4560
2019,dic,aguascalientes,01,524,11739
2019,dic,baja_california,02,1888,322736
2019,dic,baja_california_sur,03,842,334553
2019,dic,campeche,04,874,456
2019,dic,chiapas,07,3369,190294
2019,dic,chihuahua,08,2025,64957
2019,dic,coahuila_de_zaragoza,05,1438,24533
2019,dic,colima,06,902,8677
2019,dic,ciudad_de_mexico,09,3442,856386
2019,dic,durango,10,680,4991
2019,dic,guanajuato,11,3326,38758
2019,dic,guerrero,12,3311,19153
2019,dic,hidalgo,13,2043,0
2019,dic,jalisco,14,3848,463657
2019,dic,mexico,15,8579,2586
2019,dic,michoacan_de_ocampo,16,4362,27152
2019,dic,morelos,17,1397,23
2019,dic,nayarit,18,977,0
2019,dic,nuevo_leon,19,2131,79311
2019,dic,oaxaca,20,4323,0
2019,dic,puebla,21,3066,1625
2019,dic,queretaro,22,1782,19066
2019,dic,quintana_roo,23,1994,1697142
2019,dic,san_luis_potosi,24,1231,9483
2019,dic,sinaloa,25,1662,22920
2019,dic,sonora,26,2621,29386
2019,dic,tabasco,27,1587,4073
2019,dic,tamaulipas,28,2912,159263
2019,dic,tlaxcala,29,697,0
2019,dic,veracruz_de_ignacio_de_la_llave,30,4198,7250
2019,dic,yucatan,31,759,28993
2019,dic,zacatecas,32,1647,9216
2020,ene,aguascalientes,01,524,8829
2020,ene,baja_california,02,1888,274471
2020,ene,baja_california_sur,03,842,225844
2020,ene,campeche,04,874,312
2020,ene,chiapas,07,3369,162895
2020,ene,chihuahua,08,2025,22432
2020,ene,coahuila_de_zaragoza,05,1438,7685
2020,ene,colima,06,902,11440
2020,ene,ciudad_de_mexico,09,3442,781658
2020,ene,durango,10,680,3807
2020,ene,guanajuato,11,3326,27348
2020,ene,guerrero,12,3311,29417
2020,ene,hidalgo,13,2043,0
2020,ene,jalisco,14,3848,421612
2020,ene,mexico,15,8579,2883
2020,ene,michoacan_de_ocampo,16,4362,21522
2020,ene,morelos,17,1397,25
2020,ene,nayarit,18,977,3
2020,ene,nuevo_leon,19,2131,60310
2020,ene,oaxaca,20,4323,27461
2020,ene,puebla,21,3066,1559
2020,ene,queretaro,22,1782,13733
2020,ene,quintana_roo,23,1994,1644003
2020,ene,san_luis_potosi,24,1231,6564
2020,ene,sinaloa,25,1662,25025
2020,ene,sonora,26,2621,12411
2020,ene,tabasco,27,1587,3151
2020,ene,tamaulipas,28,2912,35220
2020,ene,tlaxcala,29,697,0
2020,ene,veracruz_de_ignacio_de_la_llave,30,4198,6977
2020,ene,yucatan,31,759,27310
2020,ene,zacatecas,32,1647,6013
2020,feb,aguascalientes,01,524,7065
2020,feb,baja_california,02,1888,267465
2020,feb,baja_california_sur,03,842,229379
2020,feb,campeche,04,874,364
2020,feb,chiapas,07,3369,160510
2020,feb,chihuahua,08,2025,23048
2020,feb,coahuila_de_zaragoza,05,1438,8684
2020,feb,colima,06,902,6191
2020,feb,ciudad_de_mexico,09,3442,675122
2020,feb,durango,10,680,2937
2020,feb,guanajuato,11,3326,21341
2020,feb,guerrero,12,3311,24304
2020,feb,hidalgo,13,2043,0
2020,feb,jalisco,14,3848,353214
2020,feb,mexico,15,8579,3118
2020,feb,michoacan_de_ocampo,16,4362,16198
2020,feb,morelos,17,1397,18
2020,feb,nayarit,18,977,0
2020,feb,nuevo_leon,19,2131,53691
2020,feb,oaxaca,20,4323,27234
2020,feb,puebla,21,3066,1359
2020,feb,queretaro,22,1782,13192
2020,feb,quintana_roo,23,1994,1579114
2020,feb,san_luis_potosi,24,1231,5825
2020,feb,sinaloa,25,1662,29683
2020,feb,sonora,26,2621,10893
2020,feb,tabasco,27,1587,2716
2020,feb,tamaulipas,28,2912,37925
2020,feb,tlaxcala,29,697,0
2020,feb,veracruz_de_ignacio_de_la_llave,30,4198,6346
2020,feb,yucatan,31,759,26909
2020,feb,zacatecas,32,1647,4032
2020,mar,aguascalientes,01,489,5157
2020,mar,baja_california,02,1782,170047
2020,mar,baja_california_sur,03,973,116368
2020,mar,campeche,04,768,432
2020,mar,chiapas,07,3466,94382
2020,mar,chihuahua,08,1976,21665
2020,mar,coahuila_de_zaragoza,05,1538,6321
2020,mar,colima,06,575,5743
2020,mar,ciudad_de_mexico,09,4463,409058
2020,mar,durango,10,930,2756
2020,mar,guanajuato,11,7392,13496
2020,mar,guerrero,12,3368,10907
2020,mar,hidalgo,13,1943,0
2020,mar,jalisco,14,4138,223877
2020,mar,mexico,15,10693,2411
2020,mar,michoacan_de_ocampo,16,4728,12308
2020,mar,morelos,17,1324,34
2020,mar,nayarit,18,840,6
2020,mar,nuevo_leon,19,2633,30718
2020,mar,oaxaca,20,3770,8179
2020,mar,puebla,21,3000,824
2020,mar,queretaro,22,1694,7783
2020,mar,quintana_roo,23,1619,813493
2020,mar,san_luis_potosi,24,1813,4223
2020,mar,sinaloa,25,1637,11521
2020,mar,sonora,26,2462,7791
2020,mar,tabasco,27,1301,2519
2020,mar,tamaulipas,28,3107,41522
2020,mar,tlaxcala,29,703,0
2020,mar,veracruz_de_ignacio_de_la_llave,30,4230,6566
2020,mar,yucatan,31,768,23160
2020,mar,zacatecas,32,1599,3590
2020,abr,aguascalientes,01,508,740
2020,abr,baja_california,02,1725,42671
2020,abr,baja_california_sur,03,957,904
2020,abr,campeche,04,743,555
2020,abr,chiapas,07,3136,7613
2020,abr,chihuahua,08,2151,5249
2020,abr,coahuila_de_zaragoza,05,1654,1958
2020,abr,colima,06,561,2543
2020,abr,ciudad_de_mexico,09,4595,26596
2020,abr,durango,10,909,378
2020,abr,guanajuato,11,7176,2129
2020,abr,guerrero,12,3093,86
2020,abr,hidalgo,13,1482,0
2020,abr,jalisco,14,4023,16550
2020,abr,mexico,15,10122,616
2020,abr,michoacan_de_ocampo,16,4435,2344
2020,abr,morelos,17,1043,2
2020,abr,nayarit,18,828,0
2020,abr,nuevo_leon,19,2253,1714
2020,abr,oaxaca,20,3542,103
2020,abr,puebla,21,2897,2
2020,abr,queretaro,22,1566,586
2020,abr,quintana_roo,23,1594,2546
2020,abr,san_luis_potosi,24,1272,474
2020,abr,sinaloa,25,1598,461
2020,abr,sonora,26,2157,2069
2020,abr,tabasco,27,1275,733
2020,abr,tamaulipas,28,2585,12991
2020,abr,tlaxcala,29,696,0
2020,abr,veracruz_de_ignacio_de_la_llave,30,3763,4473
2020,abr,yucatan,31,859,413
2020,abr,zacatecas,32,1575,270
2020,may,aguascalientes,01,379,1133
2020,may,baja_california,02,1805,46818
2020,may,baja_california_sur,03,955,2467
2020,may,campeche,04,731,485
2020,may,chiapas,07,2736,7437
2020,may,chihuahua,08,2092,10784
2020,may,coahuila_de_zaragoza,05,1748,4473
2020,may,colima,06,578,2484
2020,may,ciudad_de_mexico,09,5417,28011
2020,may,durango,10,1495,580
2020,may,guanajuato,11,6744,2885
2020,may,guerrero,12,3794,37
2020,may,hidalgo,13,1545,0
2020,may,jalisco,14,4582,19939
2020,may,mexico,15,10217,797
2020,may,michoacan_de_ocampo,16,4175,2253
2020,may,morelos,17,1142,13
2020,may,nayarit,18,967,0
2020,may,nuevo_leon,19,2279,2960
2020,may,oaxaca,20,3636,182
2020,may,puebla,21,2912,9
2020,may,queretaro,22,974,1109
2020,may,quintana_roo,23,1579,8518
2020,may,san_luis_potosi,24,1284,793
2020,may,sinaloa,25,2432,398
2020,may,sonora,26,2183,3700
2020,may,tabasco,27,1314,769
2020,may,tamaulipas,28,3126,26028
2020,may,tlaxcala,29,569,0
2020,may,veracruz_de_ignacio_de_la_llave,30,3222,4513
2020,may,yucatan,31,408,326
2020,may,zacatecas,32,1743,37
2020,jun,aguascalientes,01,382,1815
2020,jun,baja_california,02,1606,71575
2020,jun,baja_california_sur,03,940,15078
2020,jun,campeche,04,738,377
2020,jun,chiapas,07,2819,8497
2020,jun,chihuahua,08,2551,19091
2020,jun,coahuila_de_zaragoza,05,1849,6771
2020,jun,colima,06,555,3066
2020,jun,ciudad_de_mexico,09,4902,49917
2020,jun,durango,10,1140,1042
2020,jun,guanajuato,11,6737,4399
2020,jun,guerrero,12,3572,401
2020,jun,hidalgo,13,1504,0
2020,jun,jalisco,14,4737,65381
2020,jun,mexico,15,10217,1130
2020,jun,michoacan_de_ocampo,16,4759,3112
2020,jun,morelos,17,1155,19
2020,jun,nayarit,18,965,0
2020,jun,nuevo_leon,19,2431,8765
2020,jun,oaxaca,20,4115,218
2020,jun,puebla,21,2972,36
2020,jun,queretaro,22,1037,1904
2020,jun,quintana_roo,23,1530,28718
2020,jun,san_luis_potosi,24,1277,1085
2020,jun,sinaloa,25,2964,1022
2020,jun,sonora,26,2225,5262
2020,jun,tabasco,27,1289,618
2020,jun,tamaulipas,28,3185,38403
2020,jun,tlaxcala,29,582,0
2020,jun,veracruz_de_ignacio_de_la_llave,30,3299,4618
2020,jun,yucatan,31,397,785
2020,jun,zacatecas,32,1628,550
2020,jul,aguascalientes,01,384,2236
2020,jul,baja_california,02,2242,83540
2020,jul,baja_california_sur,03,1219,45361
2020,jul,campeche,04,1020,431
2020,jul,chiapas,07,3434,10157
2020,jul,chihuahua,08,2474,27563
2020,jul,coahuila_de_zaragoza,05,2066,10139
2020,jul,colima,06,863,2931
2020,jul,ciudad_de_mexico,09,11295,86587
2020,jul,durango,10,1294,2526
2020,jul,guanajuato,11,7229,9709
2020,jul,guerrero,12,4022,715
2020,jul,hidalgo,13,1682,0
2020,jul,jalisco,14,5500,103425
2020,jul,mexico,15,12748,1539
2020,jul,michoacan_de_ocampo,16,5152,7927
2020,jul,morelos,17,1254,14
2020,jul,nayarit,18,950,0
2020,jul,nuevo_leon,19,2443,10755
2020,jul,oaxaca,20,4501,260
2020,jul,puebla,21,2720,78
2020,jul,queretaro,22,1037,3499
2020,jul,quintana_roo,23,1783,123585
2020,jul,san_luis_potosi,24,1199,2742
2020,jul,sinaloa,25,3197,1894
2020,jul,sonora,26,2227,4705
2020,jul,tabasco,27,1557,651
2020,jul,tamaulipas,28,3643,35028
2020,jul,tlaxcala,29,587,0
2020,jul,veracruz_de_ignacio_de_la_llave,30,4064,4679
2020,jul,yucatan,31,396,947
2020,jul,zacatecas,32,2000,2102
2020,ago,aguascalientes,01,384,3954
2020,ago,baja_california,02,2242,80149
2020,ago,baja_california_sur,03,1219,48663
2020,ago,campeche,04,1020,793
2020,ago,chiapas,07,3434,11366
2020,ago,chihuahua,08,2474,21282
2020,ago,coahuila_de_zaragoza,05,2066,6306
2020,ago,colima,06,863,2756
2020,ago,ciudad_de_mexico,09,11295,120415
2020,ago,durango,10,1294,1963
2020,ago,guanajuato,11,7229,10643
2020,ago,guerrero,12,4022,508
2020,ago,hidalgo,13,1682,0
2020,ago,jalisco,14,5500,98117
2020,ago,mexico,15,12748,2028
2020,ago,michoacan_de_ocampo,16,5152,10184
2020,ago,morelos,17,1254,33
2020,ago,nayarit,18,950,0
2020,ago,nuevo_leon,19,2443,12784
2020,ago,oaxaca,20,4501,1073
2020,ago,puebla,21,2720,337
2020,ago,queretaro,22,1037,3177
2020,ago,quintana_roo,23,1783,153510
2020,ago,san_luis_potosi,24,1199,2713
2020,ago,sinaloa,25,3197,2033
2020,ago,sonora,26,2227,4715
2020,ago,tabasco,27,1557,680
2020,ago,tamaulipas,28,3643,31582
2020,ago,tlaxcala,29,587,0
2020,ago,veracruz_de_ignacio_de_la_llave,30,4064,4444
2020,ago,yucatan,31,396,328
2020,ago,zacatecas,32,2000,2165
2020,sep,aguascalientes,01,384,4645
2020,sep,baja_california,02,2309,94906
2020,sep,baja_california_sur,03,931,54216
2020,sep,campeche,04,1309,575
2020,sep,chiapas,07,3353,42549
2020,sep,chihuahua,08,2493,22098
2020,sep,coahuila_de_zaragoza,05,2068,8578
2020,sep,colima,06,894,3352
2020,sep,ciudad_de_mexico,09,11065,133526
2020,sep,durango,10,1311,2182
2020,sep,guanajuato,11,7089,13071
2020,sep,guerrero,12,4238,631
2020,sep,hidalgo,13,1886,0
2020,sep,jalisco,14,5596,112430
2020,sep,mexico,15,12298,2473
2020,sep,michoacan_de_ocampo,16,5013,11279
2020,sep,morelos,17,1286,8
2020,sep,nayarit,18,985,0
2020,sep,nuevo_leon,19,2374,16123
2020,sep,oaxaca,20,4659,1866
2020,sep,puebla,21,2987,371
2020,sep,queretaro,22,1077,3854
2020,sep,quintana_roo,23,1834,157359
2020,sep,san_luis_potosi,24,1196,3121
2020,sep,sinaloa,25,3176,2480
2020,sep,sonora,26,2649,5623
2020,sep,tabasco,27,1570,855
2020,sep,tamaulipas,28,3213,30261
2020,sep,tlaxcala,29,571,0
2020,sep,veracruz_de_ignacio_de_la_llave,30,4306,4252
2020,sep,yucatan,31,393,670
2020,sep,zacatecas,32,2054,2520
2020,oct,aguascalientes,01,378,5802
2020,oct,baja_california,02,2134,116755
2020,oct,baja_california_sur,03,927,100978
2020,oct,campeche,04,1204,343
2020,oct,chiapas,07,3387,112548
2020,oct,chihuahua,08,2664,22932
2020,oct,coahuila_de_zaragoza,05,2130,10354
2020,oct,colima,06,735,3240
2020,oct,ciudad_de_mexico,09,13030,193706
2020,oct,durango,10,1359,2790
2020,oct,guanajuato,11,7103,14994
2020,oct,guerrero,12,4261,1255
2020,oct,hidalgo,13,1900,0
2020,oct,jalisco,14,5864,155985
2020,oct,mexico,15,12014,2224
2020,oct,michoacan_de_ocampo,16,5059,13462
2020,oct,morelos,17,1312,9
2020,oct,nayarit,18,1029,0
2020,oct,nuevo_leon,19,2420,20264
2020,oct,oaxaca,20,4748,2409
2020,oct,puebla,21,3139,466
2020,oct,queretaro,22,1087,5320
2020,oct,quintana_roo,23,1505,225444
2020,oct,san_luis_potosi,24,1205,4007
2020,oct,sinaloa,25,3305,3967
2020,oct,sonora,26,2268,8274
2020,oct,tabasco,27,1562,1428
2020,oct,tamaulipas,28,3199,35608
2020,oct,tlaxcala,29,574,0
2020,oct,veracruz_de_ignacio_de_la_llave,30,3791,5267
2020,oct,yucatan,31,389,1301
2020,oct,zacatecas,32,2150,3244
2020,nov,aguascalientes,01,377,6927
2020,nov,baja_california,02,2099,123078
2020,nov,baja_california_sur,03,1098,109458
2020,nov,campeche,04,921,878
2020,nov,chiapas,07,3484,130503
2020,nov,chihuahua,08,2547,19533
2020,nov,coahuila_de_zaragoza,05,2222,12753
2020,nov,colima,06,805,2787
2020,nov,ciudad_de_mexico,09,12672,223868
2020,nov,durango,10,1356,2390
2020,nov,guanajuato,11,6880,18323
2020,nov,guerrero,12,4304,2204
2020,nov,hidalgo,13,1941,0
2020,nov,jalisco,14,5842,185290
2020,nov,mexico,15,10289,2244
2020,nov,michoacan_de_ocampo,16,4961,17088
2020,nov,morelos,17,1269,22
2020,nov,nayarit,18,1091,0
2020,nov,nuevo_leon,19,2357,23706
2020,nov,oaxaca,20,5097,2834
2020,nov,puebla,21,3464,702
2020,nov,queretaro,22,1098,6669
2020,nov,quintana_roo,23,1653,309650
2020,nov,san_luis_potosi,24,1153,4684
2020,nov,sinaloa,25,3650,6159
2020,nov,sonora,26,2459,10927
2020,nov,tabasco,27,1713,1948
2020,nov,tamaulipas,28,3880,49966
2020,nov,tlaxcala,29,557,0
2020,nov,veracruz_de_ignacio_de_la_llave,30,4287,5576
2020,nov,yucatan,31,616,2159
2020,nov,zacatecas,32,2140,3138
2020,dic,aguascalientes,01,358,10669
2020,dic,baja_california,02,2060,148316
2020,dic,baja_california_sur,03,1101,116105
2020,dic,campeche,04,920,468
2020,dic,chiapas,07,3454,156422
2020,dic,chihuahua,08,2488,39681
2020,dic,coahuila_de_zaragoza,05,2191,22630
2020,dic,colima,06,986,3553
2020,dic,ciudad_de_mexico,09,12751,341882
2020,dic,durango,10,1339,3153
2020,dic,guanajuato,11,6855,26506
2020,dic,guerrero,12,4438,5812
2020,dic,hidalgo,13,1919,0
2020,dic,jalisco,14,5831,254228
2020,dic,mexico,15,9638,2324
2020,dic,michoacan_de_ocampo,16,4910,22266
2020,dic,morelos,17,1249,23
2020,dic,nayarit,18,1076,9
2020,dic,nuevo_leon,19,2291,34615
2020,dic,oaxaca,20,5231,4195
2020,dic,puebla,21,3393,691
2020,dic,queretaro,22,1068,9638
2020,dic,quintana_roo,23,1728,436968
2020,dic,san_luis_potosi,24,1142,6361
2020,dic,sinaloa,25,3863,8959
2020,dic,sonora,26,2438,21067
2020,dic,tabasco,27,1699,2451
2020,dic,tamaulipas,28,4010,89501
2020,dic,tlaxcala,29,560,0
2020,dic,veracruz_de_ignacio_de_la_llave,30,4334,6035
2020,dic,yucatan,31,844,5244
2020,dic,zacatecas,32,2117,6029
2021,ene,aguascalientes,01,364,6049
2021,ene,baja_california,02,2114,77672
2021,ene,baja_california_sur,03,1421,76921
2021,ene,campeche,04,916,464
2021,ene,chiapas,07,3404,119203
2021,ene,chihuahua,08,2430,16982
2021,ene,coahuila_de_zaragoza,05,2173,7345
2021,ene,colima,06,979,4069
2021,ene,ciudad_de_mexico,09,11561,242362
2021,ene,durango,10,1317,2113
2021,ene,guanajuato,11,6613,13874
2021,ene,guerrero,12,3434,4104
2021,ene,hidalgo,13,1907,0
2021,ene,jalisco,14,6264,153525
2021,ene,mexico,15,9817,2823
2021,ene,michoacan_de_ocampo,16,5999,16047
2021,ene,morelos,17,1219,35
2021,ene,nayarit,18,1291,0
2021,ene,nuevo_leon,19,2288,24441
2021,ene,oaxaca,20,5135,2986
2021,ene,puebla,21,3398,368
2021,ene,queretaro,22,1081,5678
2021,ene,quintana_roo,23,1710,325671
2021,ene,san_luis_potosi,24,1337,3658
2021,ene,sinaloa,25,4146,6043
2021,ene,sonora,26,2689,6778
2021,ene,tabasco,27,1657,2193
2021,ene,tamaulipas,28,3956,23200
2021,ene,tlaxcala,29,568,0
2021,ene,veracruz_de_ignacio_de_la_llave,30,4336,5249
2021,ene,yucatan,31,869,3518
2021,ene,zacatecas,32,1889,2694
2021,feb,aguascalientes,01,377,3082
2021,feb,baja_california,02,2099,72940
2021,feb,baja_california_sur,03,1098,72707
2021,feb,campeche,04,921,433
2021,feb,chiapas,07,3484,111701
2021,feb,chihuahua,08,2547,16233
2021,feb,coahuila_de_zaragoza,05,2222,6599
2021,feb,colima,06,805,3211
2021,feb,ciudad_de_mexico,09,12672,163033
2021,feb,durango,10,1356,1270
2021,feb,guanajuato,11,6880,7664
2021,feb,guerrero,12,4304,3212
2021,feb,hidalgo,13,1941,0
2021,feb,jalisco,14,5842,100341
2021,feb,mexico,15,10289,3336
2021,feb,michoacan_de_ocampo,16,4961,8931
2021,feb,morelos,17,1269,29
2021,feb,nayarit,18,1091,0
2021,feb,nuevo_leon,19,2357,19364
2021,feb,oaxaca,20,5097,1648
2021,feb,puebla,21,3464,357
2021,feb,queretaro,22,1098,4090
2021,feb,quintana_roo,23,1653,291213
2021,feb,san_luis_potosi,24,1153,2131
2021,feb,sinaloa,25,3650,5044
2021,feb,sonora,26,2459,5890
2021,feb,tabasco,27,1713,2179
2021,feb,tamaulipas,28,3880,22499
2021,feb,tlaxcala,29,557,0
2021,feb,veracruz_de_ignacio_de_la_llave,30,4287,4736
2021,feb,yucatan,31,616,2808
2021,feb,zacatecas,32,2140,1487
2021,mar,aguascalientes,01,364,5313
2021,mar,baja_california,02,2114,118841
2021,mar,baja_california_sur,03,1421,131941
2021,mar,campeche,04,916,374
2021,mar,chiapas,07,3404,132445
2021,mar,chihuahua,08,2430,31937
2021,mar,coahuila_de_zaragoza,05,12224,13818
2021,mar,colima,06,2173,4549
2021,mar,ciudad_de_mexico,09,979,258117
2021,mar,durango,10,1317,2655
2021,mar,guanajuato,11,6613,13290
2021,mar,guerrero,12,3434,5422
2021,mar,hidalgo,13,1907,0
2021,mar,jalisco,14,6264,171404
2021,mar,mexico,15,10480,4269
2021,mar,michoacan_de_ocampo,16,5999,11830
2021,mar,morelos,17,1219,10
2021,mar,nayarit,18,1291,0
2021,mar,nuevo_leon,19,2288,40094
2021,mar,oaxaca,20,5135,2904
2021,mar,puebla,21,3398,888
2021,mar,queretaro,22,1081,7433
2021,mar,quintana_roo,23,1710,479635
2021,mar,san_luis_potosi,24,1337,4319
2021,mar,sinaloa,25,4146,7875
2021,mar,sonora,26,2689,9815
2021,mar,tabasco,27,1657,2265
2021,mar,tamaulipas,28,3956,45061
2021,mar,tlaxcala,29,568,0
2021,mar,veracruz_de_ignacio_de_la_llave,30,4336,6735
2021,mar,yucatan,31,869,5087
2021,mar,zacatecas,32,1889,2141
2021,abr,aguascalientes,01,364,6783
2021,abr,baja_california,02,2114,130733
2021,abr,baja_california_sur,03,1421,144219
2021,abr,campeche,04,916,137
2021,abr,chiapas,07,3404,113138
2021,abr,chihuahua,08,2430,26956
2021,abr,coahuila_de_zaragoza,05,2173,12872
2021,abr,colima,06,979,4070
2021,abr,ciudad_de_mexico,09,12224,337689
2021,abr,durango,10,1317,2852
2021,abr,guanajuato,11,6613,16540
2021,abr,guerrero,12,3434,3847
2021,abr,hidalgo,13,1907,0
2021,abr,jalisco,14,6264,201233
2021,abr,mexico,15,10480,3783
2021,abr,michoacan_de_ocampo,16,5999,13781
2021,abr,morelos,17,1219,38
2021,abr,nayarit,18,1291,2
2021,abr,nuevo_leon,19,2288,61072
2021,abr,oaxaca,20,5135,2932
2021,abr,puebla,21,3398,1294
2021,abr,queretaro,22,1081,9993
2021,abr,quintana_roo,23,1710,468101
2021,abr,san_luis_potosi,24,1337,5519
2021,abr,sinaloa,25,4146,6466
2021,abr,sonora,26,2689,8752
2021,abr,tabasco,27,1657,2032
2021,abr,tamaulipas,28,3956,40061
2021,abr,tlaxcala,29,568,0
2021,abr,veracruz_de_ignacio_de_la_llave,30,4336,7046
2021,abr,yucatan,31,869,6002
2021,abr,zacatecas,32,1889,3267
2021,may,aguascalientes,01,364,9550
2021,may,baja_california,02,2119,159729
2021,may,baja_california_sur,03,1385,171426
2021,may,campeche,04,915,420
2021,may,chiapas,07,3762,130027
2021,may,chihuahua,08,2542,34781
2021,may,coahuila_de_zaragoza,05,2160,15517
2021,may,colima,06,992,4349
2021,may,ciudad_de_mexico,09,12369,455545
2021,may,durango,10,1324,3297
2021,may,guanajuato,11,6260,28180
2021,may,guerrero,12,3438,4550
2021,may,hidalgo,13,1817,0
2021,may,jalisco,14,6384,265750
2021,may,mexico,15,9385,2703
2021,may,michoacan_de_ocampo,16,6171,20498
2021,may,morelos,17,1206,38
2021,may,nayarit,18,1275,2
2021,may,nuevo_leon,19,2405,72083
2021,may,oaxaca,20,5344,4334
2021,may,puebla,21,3387,1337
2021,may,queretaro,22,1090,12796
2021,may,quintana_roo,23,1717,579061
2021,may,san_luis_potosi,24,1349,7581
2021,may,sinaloa,25,4124,6760
2021,may,sonora,26,2669,10919
2021,may,tabasco,27,2047,2430
2021,may,tamaulipas,28,3927,50388
2021,may,tlaxcala,29,568,0
2021,may,veracruz_de_ignacio_de_la_llave,30,4666,8116
2021,may,yucatan,31,857,7936
2021,may,zacatecas,32,1928,5134
2021,jun,aguascalientes,01,364,10358
2021,jun,baja_california,02,2119,176239
2021,jun,baja_california_sur,03,1385,199392
2021,jun,campeche,04,915,381
2021,jun,chiapas,07,3762,123775
2021,jun,chihuahua,08,2542,45773
2021,jun,coahuila_de_zaragoza,05,2160,19588
2021,jun,colima,06,992,4139
2021,jun,ciudad_de_mexico,09,12369,480852
2021,jun,durango,10,1324,4913
2021,jun,guanajuato,11,6260,37492
2021,jun,guerrero,12,3438,5392
2021,jun,hidalgo,13,1817,0
2021,jun,jalisco,14,6384,298261
2021,jun,mexico,15,9385,2087
2021,jun,michoacan_de_ocampo,16,6171,21913
2021,jun,morelos,17,1206,35
2021,jun,nayarit,18,1275,0
2021,jun,nuevo_leon,19,2405,64203
2021,jun,oaxaca,20,5344,6619
2021,jun,puebla,21,3387,1216
2021,jun,queretaro,22,1090,14501
2021,jun,quintana_roo,23,1717,680329
2021,jun,san_luis_potosi,24,1349,7767
2021,jun,sinaloa,25,4124,6711
2021,jun,sonora,26,2669,12557
2021,jun,tabasco,27,2047,2830
2021,jun,tamaulipas,28,3927,69818
2021,jun,tlaxcala,29,568,0
2021,jun,veracruz_de_ignacio_de_la_llave,30,4666,7641
2021,jun,yucatan,31,857,11722
2021,jun,zacatecas,32,1928,7308
2021,jul,aguascalientes,01,364,11220
2021,jul,baja_california,02,2119,180477
2021,jul,baja_california_sur,03,1385,201125
2021,jul,campeche,04,915,391
2021,jul,chiapas,07,3762,128642
2021,jul,chihuahua,08,2542,55440
2021,jul,coahuila_de_zaragoza,05,2160,23315
2021,jul,colima,06,992,4094
2021,jul,ciudad_de_mexico,09,12369,559029
2021,jul,durango,10,1324,5161
2021,jul,guanajuato,11,6260,38579
2021,jul,guerrero,12,3438,5617
2021,jul,hidalgo,13,1817,0
2021,jul,jalisco,14,6384,323478
2021,jul,mexico,15,9385,2239
2021,jul,michoacan_de_ocampo,16,6171,23452
2021,jul,morelos,17,1206,30
2021,jul,nayarit,18,1275,0
2021,jul,nuevo_leon,19,2405,62463
2021,jul,oaxaca,20,5344,7888
2021,jul,puebla,21,3387,1319
2021,jul,queretaro,22,1090,15162
2021,jul,quintana_roo,23,1717,790881
2021,jul,san_luis_potosi,24,1349,9902
2021,jul,sinaloa,25,4124,6098
2021,jul,sonora,26,2669,11493
2021,jul,tabasco,27,2047,2755
2021,jul,tamaulipas,28,3927,70747
2021,jul,tlaxcala,29,568,0
2021,jul,veracruz_de_ignacio_de_la_llave,30,4666,9304
2021,jul,yucatan,31,857,15939
2021,jul,zacatecas,32,1928,7846
